table_type,level_code,id,parent_id,order,title,grade_level,description,overview,big_ideas,standards,standards_summary,academic_vocabulary,common_misconceptions,concepts,duration_days,dok_level,default_difficulty,aligned_standards,source_file_id,source_modified,version_note
level,EM9_INT,em9_integrated,,,Elevate Math Integrated Math (Grade 9),9,"SVEF Elevate [Math] Curriculum, Integrated Math 1 (high school integrated pathway). 4-module program covering Interpreting the Structure of Expressions, Math Functions, Congruence and Rigid Motion, and Reasoning with Linear Equations. Performance Task and FAL arcs with full Nearpod-ready teacher and student-paced lessons.",,,,,,,,,,,,Copy_of_Grade_9_Module_Overview_-_Int_.xlsx,,3 of 3 EM9 versions — Integrated Math 1 pathway
module,EM9_INT,em9int_m1,em9_integrated,1,Interpreting the Structure of Expressions,,,"In order to make sense of the world, students will make sense of problems and persevere in solving them while exploring changing quantities.","[""Features of Functions: Students investigate changing situations that are modeled by quadratic and exponential forms of expressions and create equivalent expressions to reveal features that help understand the meaning of the problem and situation being investigated."", ""Investigate patterns, such as the Fibonacci sequence and other mathematical patterns, that reveal recursive functions.""]","[{""code"": ""9.A-SSE.1"", ""text"": ""Interpret the structure of expressions.""}, {""code"": ""9.A-SSE.2"", ""text"": ""Use the structure of an expression to identify ways to rewrite it.""}]",Interpret the structure of expressions and write expressions in equivalent forms to solve problems.,"[""expression"", ""equation"", ""equality"", ""equivalent expressions"", ""variables"", ""unknowns"", ""area models"", ""area diagram"", ""distributive property"", ""order of operations"", ""parenthesis"", ""exponents""]","[""Students consider that there is just one 'correct' expression."", ""Students confuse order of operations when given parenthesis and exponents."", ""Students assume often times that if there are parenthesis in an expression that this expression must represent only the distributive property.""]","[""Students in Mathematics I work with expressions, analysis of situations and attend to the structure of linear expressions. An expression can be viewed as a recipe for a calculation with numbers, symbols that represent numbers, arithmetic operations, exponentiation, and, at more advanced levels, the operation of evaluating a function.""]",9,,,,,,
module,EM9_INT,em9int_m2,em9_integrated,2,Math Functions,,,"In order to predict what could happen, students will look for and make use of structure while exploring changing quantities.","[""Function Investigations: Students investigate data sets by table and graph and using technology (such as earthquake data in the region of the school); they fit and interpret functions to model the data between two quantities and consider the meaning of inverse relationships. Students interpret information from the functions, noticing key features and symmetries.""]","[{""code"": ""F-BF.1"", ""text"": ""Write a function that describes a relationship between two quantities.""}, {""code"": ""A-SSE.3"", ""text"": ""Choose and produce an equivalent form of an expression to reveal and explain properties of the quantity represented by the expression.""}]",Build functions that model relationships between quantities; write expressions in equivalent forms to reveal properties.,"[""patterns"", ""generalizations"", ""expressions"", ""equations"", ""equality"", ""function"", ""linear"", ""exponential"", ""quadratic"", ""recursive"", ""explicit"", ""domain"", ""range""]","[""A limited understanding students may have of different types of functions and how they generalize patterns.""]","[""The Mathematics I domain 'Functions' is the foundation and motivation for the study of standards in the other Mathematics I conceptual categories. Functions model a relationship between two quantities.""]",10,,,,,,
module,EM9_INT,em9int_m3,em9_integrated,3,Congruence and Rigid Motion,,,"Students study the concepts of congruence, similarity, and symmetry from the perspective of geometric transformation.","[""Geospatial Data: Explore geospatial data that represent either locations (e.g., maps) or objects, and connect to geometric equations and properties of common shapes."", ""This Math I unit is a study of the concepts of congruence, similarity, and symmetry which can be understood from the perspective of geometric transformation. A transformation is a map of a geometric figure to an image that preserves the figure's structure. One class of transformations is called rigid-motion. Fundamental are the rigid motions: translations, rotations, and combinations of these.""]","[{""code"": ""G-CO.2"", ""text"": ""Represent transformations in the plane using, e.g., transparencies and geometry software; describe transformations as functions that take points in the plane as inputs and give other points as outputs. Compare transformations that preserve distance and angle to those that do not.""}, {""code"": ""G-CO.3"", ""text"": ""Given a rectangle, a parallelogram, trapezoid, or regular polygon, describe the rotations and reflections that carry it onto itself.""}, {""code"": ""G-CO.5"", ""text"": ""Given a geometric figure and a rotation, reflection, or translation, draw the transformed figure using, e.g., graph paper, tracing paper, or geometry software.""}]",Experiment with transformations in the plane; understand congruence in terms of rigid motions.,"[""rigid motion transformation"", ""transformations"", ""translations"", ""reflections"", ""rotations"", ""dilations"", ""Cartesian Plane"", ""horizontal"", ""vertical"", ""symmetry"", ""rotational symmetry"", ""line of reflection"", ""composite"", ""isometry"", ""congruence"", ""ordered pair"", ""clockwise"", ""counter-clockwise"", ""1/4 turn"", ""1/2 turn"", ""pre-image"", ""image"", ""tessellation""]","[""Students tend to confuse 'reflect' with 'rotate'."", ""Students tend to believe that a point of rotation is always on the shape rather than considering a point of rotation could be in the plane outside of the shape."", ""Reflection Issues: Reflect on x-axis or y-axis instead of the line of reflection; struggle when line of reflection is not horizontal or vertical."", ""Students confuse terms: Horizontal and vertical; Translate instead of reflect; Translations and transformations; Clockwise and counter-clockwise; Rotation vs. Reflection."", ""X and y coordinate confusion."", ""Negative dilation vs. fractional dilation.""]","[""There are three basic rigid motions transformations — translations, rotations and reflections.""]",10,,,,,,
module,EM9_INT,em9int_m4,em9_integrated,4,Reasoning with Linear Equations,,,"In order to make sense of the world, students will make sense of problems and persevere in solving them while exploring changing quantities.","[""Systems of Equations: Students investigate real situations that include data for which systems of 1 or 2 equations or inequalities are helpful, paying attention to units. Investigations include linear, quadratic, and absolute value. Students use technology tools strategically to find solutions and approximate solutions.""]","[{""code"": ""A-REI.1"", ""text"": ""Explain each step in solving a simple equation as following from the equality of numbers asserted at the previous step, starting from the assumption that the original equation has a solution. Construct a viable argument to justify a solution method.""}, {""code"": ""A-REI.3"", ""text"": ""Solve linear equations and inequalities in one variable, including equations with coefficients represented by letters.""}, {""code"": ""A-REI.6"", ""text"": ""Solve systems of linear equations exactly and approximately (e.g., with graphs), focusing on pairs of linear equations in two variables.""}]",Solve equations and inequalities in one variable; solve systems of equations.,"[""linear equation"", ""system of equations"", ""solution"", ""graphical method"", ""substitution"", ""elimination"", ""intersect"", ""variable"", ""coefficient"", ""inequality""]","[""Students think that solving equations can only be done in one way."", ""Students think that there is one and only one correct equation."", ""Students do not understand that different methods of solving systems will produce the same result."", ""Students do not understand that in a graphing method, the intersection of two lines is the solution.""]","[""Students in Mathematics I create, build, and solve equations with reasoning and justification. An equation is a statement of equality between two expressions, often viewed as a question asking for which values of the variables the expressions on either side are in fact equal.""]",10,,,,,,
subtopic,EM9_INT,em9int_m1_s1,em9int_m1,1,Modeling Expressions,,,,,,,,,,,2,medium,"[""9.A-SSE.1""]",,,
subtopic,EM9_INT,em9int_m1_s2,em9int_m1,2,Interpreting Equations (FAL 1A),,,,,,,,,,,3,hard,"[""9.A-SSE.1""]",,,
subtopic,EM9_INT,em9int_m1_s3,em9int_m1,3,Interpreting Algebraic Expressions (FAL 1B),,,,,,,,,,,3,hard,"[""9.A-SSE.1"", ""9.A-SSE.2""]",,,
subtopic,EM9_INT,em9int_m1_s4,em9int_m1,4,Matching Cards / It is Just an Expression,,,,,,,,,,,3,hard,"[""9.A-SSE.1""]",,,
subtopic,EM9_INT,em9int_m2_s1,em9int_m2,1,Generating Patterns - Table Tiles (FAL 2),,,,,,,,,,,3,hard,"[""F-BF.1""]",,,
subtopic,EM9_INT,em9int_m2_s2,em9int_m2,2,Vertical Slice Tasks,,,,,,,,,,,3,hard,"[""F-BF.1"", ""A-SSE.3""]",,,
subtopic,EM9_INT,em9int_m2_s3,em9int_m2,3,Trapezoidal Numbers / Patterns Tasks,,,,,,,,,,,3,hard,"[""F-BF.1""]",,,
subtopic,EM9_INT,em9int_m2_s4,em9int_m2,4,Linda's Tiles,,,,,,,,,,,3,hard,"[""F-BF.1""]",,,
subtopic,EM9_INT,em9int_m3_s1,em9int_m3,1,Skateboarding Tricks (Introduction to Transformations),,,,,,,,,,,2,medium,"[""G-CO.2""]",,,
subtopic,EM9_INT,em9int_m3_s2,em9int_m3,2,"Transformations Explorations 1-6 (Translation, Reflection, Rotation, Review)",,,,,,,,,,,2,medium,"[""G-CO.2"", ""G-CO.3"", ""G-CO.5""]",,,
subtopic,EM9_INT,em9int_m3_s3,em9int_m3,3,Transforming 2D Figures (FAL),,,,,,,,,,,3,hard,"[""G-CO.5""]",,,
subtopic,EM9_INT,em9int_m3_s4,em9int_m3,4,Rigid Motion and Transforming Triangles,,,,,,,,,,,3,hard,"[""G-CO.2"", ""G-CO.5""]",,,
subtopic,EM9_INT,em9int_m3_s5,em9int_m3,5,MC Escher & Reflect and Rotate (Optional),,,,,,,,,,,3,hard,"[""G-CO.3"", ""G-CO.5""]",,,
subtopic,EM9_INT,em9int_m4_s1,em9int_m4,1,Solving Linear Equations (FAL Launch),,,,,,,,,,,2,medium,"[""A-REI.1"", ""A-REI.3""]",,,
subtopic,EM9_INT,em9int_m4_s2,em9int_m4,2,Classifying Solutions to Systems of Equations (Core FAL),,,,,,,,,,,3,hard,"[""A-REI.6""]",,,
subtopic,EM9_INT,em9int_m4_s3,em9int_m4,3,Words & Equations,,,,,,,,,,,2,medium,"[""A-REI.1""]",,,
subtopic,EM9_INT,em9int_m4_s4,em9int_m4,4,The Trip / Buying Chips and Candy (Systems Tasks),,,,,,,,,,,3,hard,"[""A-REI.6""]",,,
