level_code,activity_id,module_id,day_number,activity_type,prompt_text,subtopic_id,resource_urls
EM9_INT,em9int_m1_d1_logistics_00,em9int_m1,1,logistics,Norms / Pre-assessments / Logistics,,{}
EM9_INT,em9int_m1_d2_performance_task_01,em9int_m1,2,performance_task,Modeling Expressions Task,em9int_m1_s1,"{""task_paper"": ""https://drive.google.com/file/d/1eHiwWnEOxPai9yTNQTonPVscvSv7Wb8L/view?usp=sharing"", ""full_lesson_slides"": ""https://docs.google.com/presentation/d/15ZQnnFR4_in49-gtZWhRPXmybkrw_iDKg3y27vx-QiQ/copy?usp=sharing"", ""full_lesson_pdf"": ""https://drive.google.com/file/d/11c0rrHfvrlK1Y6idWWK5yZBxb8Fif97B/view?usp=sharing"", ""student_paced_pdf"": ""https://drive.google.com/file/d/1W90Np4QEKGcSK1eKqUyTFFSynrx1SB4o/view?usp=sharing""}"
EM9_INT,em9int_m1_d2_fal_pre_assessment_02,em9int_m1,2,fal_pre_assessment,Pre-assessment for Interpreting Equations (FAL 1A),em9int_m1_s2,"{""task_paper"": ""https://drive.google.com/file/d/14HyzJ2EQ1rga6w-RoozRxAGoSSW64DAk/view?usp=sharing"", ""read_me"": ""https://docs.google.com/document/d/1YQEB2SxVseeYo7wGjqw-MoE_3gwMkrJykmJgNJ0xGAE/copy?usp=sharing""}"
EM9_INT,em9int_m1_d3_fal_pre_assessment_03,em9int_m1,3,fal_pre_assessment,Pre-assessment for Interpreting Algebraic Expressions (FAL 1B),em9int_m1_s3,"{""task_paper"": ""https://drive.google.com/file/d/1bq0_kj2wEI1fMgpyC0pNNjxoyBdpiBCA/view?usp=sharing"", ""read_me"": ""https://docs.google.com/document/d/1hctPpQHLfOgO1x2ofV_VXXzj8e7Wq_jjggvtwq5tFEo/copy?usp=sharing""}"
EM9_INT,em9int_m1_d3_fal_lesson_04,em9int_m1,3,fal_lesson,Launch — Interpreting Equations (1 of 3),em9int_m1_s2,"{""task_paper"": ""https://drive.google.com/file/d/1136eExpmp_p2oG7Mo0Yxmoz3vU2IhVOT/view?usp=sharing"", ""read_me"": ""https://docs.google.com/document/d/1YQEB2SxVseeYo7wGjqw-MoE_3gwMkrJykmJgNJ0xGAE/copy?usp=sharing""}"
EM9_INT,em9int_m1_d4_fal_lesson_05,em9int_m1,4,fal_lesson,Interpreting Equations (2 of 3),em9int_m1_s2,"{""task_paper"": ""https://drive.google.com/file/d/1136eExpmp_p2oG7Mo0Yxmoz3vU2IhVOT/view?usp=sharing"", ""read_me"": ""https://docs.google.com/document/d/1YQEB2SxVseeYo7wGjqw-MoE_3gwMkrJykmJgNJ0xGAE/copy?usp=sharing""}"
EM9_INT,em9int_m1_d5_fal_lesson_06,em9int_m1,5,fal_lesson,Interpreting Equations (3 of 3),em9int_m1_s2,"{""task_paper"": ""https://drive.google.com/file/d/1136eExpmp_p2oG7Mo0Yxmoz3vU2IhVOT/view?usp=sharing"", ""read_me"": ""https://docs.google.com/document/d/1YQEB2SxVseeYo7wGjqw-MoE_3gwMkrJykmJgNJ0xGAE/copy?usp=sharing""}"
EM9_INT,em9int_m1_d5_fal_post_assessment_07,em9int_m1,5,fal_post_assessment,Post-assessment for Interpreting Equations,em9int_m1_s2,"{""task_paper"": ""https://drive.google.com/file/d/14HyzJ2EQ1rga6w-RoozRxAGoSSW64DAk/view?usp=sharing"", ""read_me"": ""https://docs.google.com/document/d/1YQEB2SxVseeYo7wGjqw-MoE_3gwMkrJykmJgNJ0xGAE/copy?usp=sharing""}"
EM9_INT,em9int_m1_d6_fal_lesson_08,em9int_m1,6,fal_lesson,Interpreting Algebraic Expressions (Core FAL),em9int_m1_s3,"{""task_paper"": ""https://drive.google.com/file/d/1bq0_kj2wEI1fMgpyC0pNNjxoyBdpiBCA/view?usp=sharing"", ""read_me"": ""https://docs.google.com/document/d/1hctPpQHLfOgO1x2ofV_VXXzj8e7Wq_jjggvtwq5tFEo/copy?usp=sharing""}"
EM9_INT,em9int_m1_d6_fal_lesson_09,em9int_m1,6,fal_lesson,Interpreting Algebraic Expressions (1 of 3),em9int_m1_s3,"{""task_paper"": ""https://drive.google.com/file/d/1bq0_kj2wEI1fMgpyC0pNNjxoyBdpiBCA/view?usp=sharing"", ""read_me"": ""https://docs.google.com/document/d/1hctPpQHLfOgO1x2ofV_VXXzj8e7Wq_jjggvtwq5tFEo/copy?usp=sharing""}"
EM9_INT,em9int_m1_d7_fal_lesson_10,em9int_m1,7,fal_lesson,Interpreting Algebraic Expressions (2 of 3),em9int_m1_s3,"{""task_paper"": ""https://drive.google.com/file/d/1bq0_kj2wEI1fMgpyC0pNNjxoyBdpiBCA/view?usp=sharing"", ""read_me"": ""https://docs.google.com/document/d/1hctPpQHLfOgO1x2ofV_VXXzj8e7Wq_jjggvtwq5tFEo/copy?usp=sharing""}"
EM9_INT,em9int_m1_d8_fal_lesson_11,em9int_m1,8,fal_lesson,Interpreting Algebraic Expressions (3 of 3),em9int_m1_s3,"{""task_paper"": ""https://drive.google.com/file/d/1bq0_kj2wEI1fMgpyC0pNNjxoyBdpiBCA/view?usp=sharing"", ""read_me"": ""https://docs.google.com/document/d/1hctPpQHLfOgO1x2ofV_VXXzj8e7Wq_jjggvtwq5tFEo/copy?usp=sharing""}"
EM9_INT,em9int_m1_d8_fal_post_assessment_12,em9int_m1,8,fal_post_assessment,Post-assessment for Interpreting Algebraic Expressions,em9int_m1_s3,"{""task_paper"": ""https://drive.google.com/file/d/1bq0_kj2wEI1fMgpyC0pNNjxoyBdpiBCA/view?usp=sharing"", ""read_me"": ""https://docs.google.com/document/d/1hctPpQHLfOgO1x2ofV_VXXzj8e7Wq_jjggvtwq5tFEo/copy?usp=sharing""}"
EM9_INT,em9int_m1_d8_performance_task_13,em9int_m1,8,performance_task,Matching Cards Task,em9int_m1_s4,"{""task_paper"": ""https://docs.google.com/presentation/d/1_syV99hZnRSTvk8ADdKsPIbPd-uXWqBjgkfS-eQUb5w/copy?usp=sharing"", ""task_pdf"": ""https://drive.google.com/file/d/1RdkCBHR1JsFclKa7tvHaQqhHSnO6Yl0X/view?usp=sharing"", ""full_lesson_slides"": ""https://docs.google.com/presentation/d/1_syV99hZnRSTvk8ADdKsPIbPd-uXWqBjgkfS-eQUb5w/copy?usp=sharing"", ""full_lesson_pdf"": ""https://drive.google.com/file/d/1uOTTLhOfMlkNh2b1Gha_e5PNfayoqfYK/view?usp=sharing""}"
EM9_INT,em9int_m1_d9_performance_task_14,em9int_m1,9,performance_task,It is Just An Expression Task,em9int_m1_s4,"{""task_paper"": ""https://drive.google.com/file/d/11_L20tHVb-L4JEmuCqGzYAJFdHsKnQZ0/view?usp=sharing"", ""task_pdf"": ""https://drive.google.com/file/d/1-yWvYZ61RnEAgJ8O5tBu4RjlLtiHcmSF/view?usp=sharing"", ""full_lesson_slides"": ""https://docs.google.com/presentation/d/1eXwwcMhh6xsMZSevCY9RRXUIKmoEVCvz2XLGyJ2o_-g/copy?usp=sharing"", ""full_lesson_pdf"": ""https://drive.google.com/file/d/1A1yjq83PwSf_-HTrYbDbEzkZ4drVqwVT/view?usp=sharing""}"
EM9_INT,em9int_m2_d1_fal_pre_assessment_00,em9int_m2,1,fal_pre_assessment,Pre-assessment for Generating Patterns — Table Tiles (FAL 2),em9int_m2_s1,"{""task_paper"": ""https://drive.google.com/file/d/1NSNioAtpXrwMNgCBVnpa4svtwuoE__kw/view?usp=sharing"", ""read_me"": ""https://docs.google.com/document/d/1o3_ZbGJDspF4tPD1n8R5dt_OAD4uyLIucFs4PnbGun8/copy?usp=sharing"", ""student_pages_printable"": ""https://drive.google.com/file/d/1xoSM38FJUnELF-jvfh5ez2g2MmbPWUq8/view?usp=sharing""}"
EM9_INT,em9int_m2_d1_performance_task_01,em9int_m2,1,performance_task,Vertical Slice (Choice of 6 Tasks — Students do at least 3),em9int_m2_s2,"{""vertical_slice_tasks"": ""https://drive.google.com/file/d/1WvuXaVZ_04__LqLKyeJk7TkgsemtquBP/view?usp=sharing"", ""plenary_lesson_slides"": ""https://docs.google.com/presentation/d/1GQHj_NEbxM578jSgp1ZHM8af5GncSGykrEwhHth_BWc/copy?usp=sharing"", ""plenary_lesson_pdf"": ""https://drive.google.com/file/d/1TNP5Iz309RmcA1AdYJiyg_KEQcKgqAxh/view?usp=sharing"", ""vertical_slice_nearpod"": ""https://docs.google.com/presentation/d/1faGPgG2lPhgPcINneUNWlm0-akusfaHsyHJUPWm_ok4/copy?usp=sharing""}"
EM9_INT,em9int_m2_d2_plenary_discussion_02,em9int_m2,2,plenary_discussion,Plenary discussion — choose 3 from Vertical Slice (1 at grade level),em9int_m2_s2,"{""vertical_slice_tasks"": ""https://drive.google.com/file/d/1WvuXaVZ_04__LqLKyeJk7TkgsemtquBP/view?usp=sharing"", ""plenary_lesson_slides"": ""https://docs.google.com/presentation/d/1GQHj_NEbxM578jSgp1ZHM8af5GncSGykrEwhHth_BWc/copy?usp=sharing"", ""plenary_lesson_pdf"": ""https://drive.google.com/file/d/1TNP5Iz309RmcA1AdYJiyg_KEQcKgqAxh/view?usp=sharing"", ""vertical_slice_nearpod"": ""https://docs.google.com/presentation/d/1faGPgG2lPhgPcINneUNWlm0-akusfaHsyHJUPWm_ok4/copy?usp=sharing""}"
EM9_INT,em9int_m2_d3_performance_task_03,em9int_m2,3,performance_task,Trapezoidal Numbers (2001),em9int_m2_s3,"{""task_paper"": ""https://drive.google.com/file/d/16G6SaV4qgkr04-VJr_JK73rrBnLdQ1KK/view?usp=sharing"", ""full_lesson_slides"": ""https://docs.google.com/presentation/d/1H2e3lWBev899ubvKbaLfcuBhlLu0pYNu09PjJM3m2Cs/copy?usp=sharing"", ""full_lesson_pdf"": ""https://drive.google.com/file/d/16G6SaV4qgkr04-VJr_JK73rrBnLdQ1KK/view?usp=sharing"", ""student_paced"": ""https://docs.google.com/presentation/d/1dqzcU9lOlwXM17vk67nD3ow79XcDVQC-eJkQXlxFs5E/copy?usp=sharing""}"
EM9_INT,em9int_m2_d4_performance_task_04,em9int_m2,4,performance_task,End of Year Dinner,em9int_m2_s3,"{""task_paper"": ""https://drive.google.com/file/d/1aB0Ycu63QtqHsl_uSrtnnl25zMCNWXG6/view?usp=sharing"", ""full_lesson_slides"": ""https://docs.google.com/presentation/d/12pv3kxt0DVCMu-RGzRnGYIzdRqnw3QHU3IvQ_EHkCZU/copy?usp=sharing"", ""full_lesson_pdf"": ""https://drive.google.com/file/d/1aB0Ycu63QtqHsl_uSrtnnl25zMCNWXG6/view?usp=sharing"", ""student_paced"": ""https://docs.google.com/presentation/d/1sV3vpomxM_mbAcNbgwKUNsqO1H4Jw9_Rq7jgmsalU4w/copy?usp=sharing""}"
EM9_INT,em9int_m2_d5_performance_task_05,em9int_m2,5,performance_task,Patrick's Patterns,em9int_m2_s3,"{""task_paper"": ""https://drive.google.com/file/d/120mJdbyfNTMN41baQ5LmaxcxUj6PUoJ1/view?usp=sharing"", ""full_lesson_slides"": ""https://docs.google.com/presentation/d/1JS3j72gmujxpT2t88aHpoi5odJrnvIOOABC3bE4FGM8/copy?usp=sharing"", ""full_lesson_pdf"": ""https://drive.google.com/file/d/1Z-Nhw24HQs8ocUdiDhu8MIXZSrmP1fXu/view?usp=sharing"", ""student_paced"": ""https://docs.google.com/presentation/d/1DA3RmIkVS_b6fQEMg8bBovxqm4gW5pPWhipFkLzX5Yo/copy?usp=sharing""}"
EM9_INT,em9int_m2_d6_fal_lesson_06,em9int_m2,6,fal_lesson,Generalizing Patterns: Table Tiles (Day 1 of 3),em9int_m2_s1,"{""task_paper"": ""https://drive.google.com/file/d/1NSNioAtpXrwMNgCBVnpa4svtwuoE__kw/view?usp=sharing"", ""read_me"": ""https://docs.google.com/document/d/1o3_ZbGJDspF4tPD1n8R5dt_OAD4uyLIucFs4PnbGun8/copy?usp=sharing""}"
EM9_INT,em9int_m2_d7_fal_lesson_07,em9int_m2,7,fal_lesson,Generalizing Patterns: Table Tiles (Day 2 of 3),em9int_m2_s1,"{""task_paper"": ""https://drive.google.com/file/d/1NSNioAtpXrwMNgCBVnpa4svtwuoE__kw/view?usp=sharing"", ""read_me"": ""https://docs.google.com/document/d/1o3_ZbGJDspF4tPD1n8R5dt_OAD4uyLIucFs4PnbGun8/copy?usp=sharing""}"
EM9_INT,em9int_m2_d8_fal_lesson_08,em9int_m2,8,fal_lesson,Generalizing Patterns: Table Tiles (Day 3 of 3),em9int_m2_s1,"{""task_paper"": ""https://drive.google.com/file/d/1NSNioAtpXrwMNgCBVnpa4svtwuoE__kw/view?usp=sharing"", ""read_me"": ""https://docs.google.com/document/d/1o3_ZbGJDspF4tPD1n8R5dt_OAD4uyLIucFs4PnbGun8/copy?usp=sharing""}"
EM9_INT,em9int_m2_d8_fal_post_assessment_09,em9int_m2,8,fal_post_assessment,Post-assessment for Generating Patterns: Table Tiles,em9int_m2_s1,"{""task_paper"": ""https://drive.google.com/file/d/1NSNioAtpXrwMNgCBVnpa4svtwuoE__kw/view?usp=sharing"", ""read_me"": ""https://docs.google.com/document/d/1o3_ZbGJDspF4tPD1n8R5dt_OAD4uyLIucFs4PnbGun8/copy?usp=sharing"", ""student_pages_printable"": ""https://drive.google.com/file/d/1xoSM38FJUnELF-jvfh5ez2g2MmbPWUq8/view?usp=sharing""}"
EM9_INT,em9int_m2_d9_performance_task_10,em9int_m2,9,performance_task,Linda's Tiles,em9int_m2_s4,"{""task_paper"": ""https://drive.google.com/file/d/1wS6MG4f_S_3VJmQKhZkMHbp4c8cSLd_S/view?usp=sharing"", ""full_lesson_slides"": ""https://docs.google.com/presentation/d/1g3W-nAq7_SdfsETgMKhwGvYoI2e8CD-xFd6AK38TL3Q/copy?usp=sharing"", ""full_lesson_pdf"": ""https://drive.google.com/file/d/1hnTrZ4EuhmzEcEmHthR5Gg1BCkLz2dZx/view?usp=sharing"", ""student_paced"": ""https://docs.google.com/presentation/d/108h0IOy8D3rQ5hFJB5fFvNWbgRoIsnYSDfkd5bSDV_Q/copy?usp=sharing""}"
EM9_INT,em9int_m2_d10_post_assessment_11,em9int_m2,10,post_assessment,Grade 9 post-assessment (if only completing modules 1 and 2),,"{""faculty_portal"": ""http://svef.force.com/faculty"", ""assessment_tab_slides"": ""https://docs.google.com/presentation/d/18xqcFMXz8FAc2AKlHbFZgd-2ANgv23AAMWySVZc_SrY/copy?usp=sharing""}"
EM9_INT,em9int_m2_vertical_slice_00,em9int_m2,,vertical_slice_task,Piles of Oranges,em9int_m2_s2,{}
EM9_INT,em9int_m2_vertical_slice_01,em9int_m2,,vertical_slice_task,Bead Necklaces,em9int_m2_s2,{}
EM9_INT,em9int_m2_vertical_slice_02,em9int_m2,,vertical_slice_task,Necklaces,em9int_m2_s2,"{""task"": ""https://drive.google.com/file/d/1nKLHB1oDBJ1G-u0c10clHIhoc6U6ZCB7/view?usp=sharing"", ""rubric"": ""https://drive.google.com/file/d/1OAlQ9gIf0BuRUiNrH-FuUK4ZMxdwThjb/view?usp=sharing""}"
EM9_INT,em9int_m2_vertical_slice_03,em9int_m2,,vertical_slice_task,Grocery Store Cart,em9int_m2_s2,"{""task"": ""https://drive.google.com/file/d/1r7YPn-OLpbCcHZtcXJyFARJAI9ZkEJ8M/view?usp=sharing"", ""rubric"": ""https://drive.google.com/file/d/1k-H4ZbYI1C1Ic7Sl-8MQH6e56G9l2L4F/view?usp=sharing""}"
EM9_INT,em9int_m2_vertical_slice_04,em9int_m2,,vertical_slice_task,Toothpick Stairs,em9int_m2_s2,"{""task"": ""https://drive.google.com/file/d/1T9qXpPPBlhjVMZH-vt7rXD0_FivgHmrc/view?usp=sharing"", ""rubric"": ""https://drive.google.com/file/d/12qkiKi58KZaEnpLU9JJ7Vr4vveox8eCj/view?usp=sharing""}"
EM9_INT,em9int_m3_d1_performance_task_00,em9int_m3,1,performance_task,Skateboarding Tricks,em9int_m3_s1,"{""task_paper"": ""https://drive.google.com/file/d/1GS_Ezh7162I6jmr1mzAUtpPF2AsruaOD/view?usp=sharing"", ""full_lesson_slides"": ""https://docs.google.com/presentation/d/13wipHxWxcFSEZFBKmDy_9diI8tfBqH1sCD-diGNT5_U/copy?usp=sharing"", ""full_lesson_pdf"": ""https://drive.google.com/file/d/1O34Pu6A0_DrXbs5xdtTco55ExcvtUX7q/view?usp=sharing"", ""student_paced"": ""https://docs.google.com/presentation/d/15nErW-zFNmFvk0AqfN6w-uk6HsNFtutPn-zoCQHPpKM/copy?usp=sharing""}"
EM9_INT,em9int_m3_d1_fal_pre_assessment_01,em9int_m3,1,fal_pre_assessment,Pre-Assessment FAL — Transforming 2D Figures,em9int_m3_s3,"{""task_paper"": ""https://drive.google.com/file/d/15KtD26wEwDnArv-DAZZeSlBeMKOJDcn9/view?usp=sharing"", ""read_me"": ""https://docs.google.com/document/d/16FazudF7rEfZRo5N0FUl2urKCm6bK7riFfI5jn23i-M/copy?usp=sharing""}"
EM9_INT,em9int_m3_d2_investigation_02,em9int_m3,2,investigation,Transformations Introduction / Exploration 1 — Translation,em9int_m3_s2,"{""task_paper"": ""https://drive.google.com/file/d/1tj8BThp0VVqkAPzck6Vk7F9rEGlhyc-8/view?usp=drive_link"", ""full_lesson_slides"": ""https://docs.google.com/presentation/d/1PV4qcia-Yo7oJe5PM3C6DFmt8CWuzOMEiCM8o78dVnk/copy?usp=sharing"", ""full_lesson_pdf"": ""https://drive.google.com/file/d/1wTk_ANTtbD9njazmHxYfAJJEuzIH8EdV/view?usp=sharing"", ""self_paced"": ""https://docs.google.com/presentation/d/1X8H9hrKLh-dOilJOZKxBrztXr943FdPuPW0kWvN-Huw/copy?usp=sharing""}"
EM9_INT,em9int_m3_d3_investigation_03,em9int_m3,3,investigation,Transformations Exploration 2 (Translation) & Exploration 3 (Reflection),em9int_m3_s2,"{""task_paper"": ""https://drive.google.com/file/d/1tj8BThp0VVqkAPzck6Vk7F9rEGlhyc-8/view?usp=drive_link"", ""full_lesson_slides"": ""https://docs.google.com/presentation/d/1WfXliRHdaHeVCpVqlEwRTPTCdXcQpWfgiA5FQNmh09g/copy?usp=sharing"", ""full_lesson_pdf"": ""https://drive.google.com/file/d/1-DIUpspRvytXZVoa5E6fDO9E94E519Ha/view?usp=sharing"", ""self_paced"": ""https://docs.google.com/presentation/d/17R57mdaje2wdY7yYzHWyTX7637RMSucHPk2nTKzlyS4/copy?usp=sharing""}"
EM9_INT,em9int_m3_d4_investigation_04,em9int_m3,4,investigation,Transformations Exploration 4 (Rotations) & Exploration 5,em9int_m3_s2,"{""task_paper"": ""https://drive.google.com/file/d/1tj8BThp0VVqkAPzck6Vk7F9rEGlhyc-8/view?usp=drive_link"", ""full_lesson_slides"": ""https://docs.google.com/presentation/d/1Co1RY890QqmbbHk63I0hcRqQR9aJiuS0ROEkHVDvbsE/copy?usp=sharing"", ""full_lesson_pdf"": ""https://drive.google.com/file/d/1I1gFFj2Z0SK1mEeNWiuq5bOh6gUnGp4r/view?usp=sharing"", ""self_paced"": ""https://docs.google.com/presentation/d/1AZ5EE35Af-_5hoqoEvb1J2cO50jLJaRb2VvI5-ya_Oo/copy?usp=sharing""}"
EM9_INT,em9int_m3_d5_investigation_05,em9int_m3,5,investigation,Transformations Exploration 6 — Review,em9int_m3_s2,"{""task_paper"": ""https://drive.google.com/file/d/1tj8BThp0VVqkAPzck6Vk7F9rEGlhyc-8/view?usp=drive_link"", ""full_lesson_slides"": ""https://docs.google.com/presentation/d/1wkrQU672A6BFFuAqm--YjlT4icVgmWnm2-qgecQbgLE/copy?usp=sharing"", ""full_lesson_pdf"": ""https://drive.google.com/file/d/15BWl5DoQQkxj-Bs-nLjy82Px1MNieP59/view?usp=sharing"", ""self_paced"": ""https://docs.google.com/presentation/d/1gORwcV6ayrs1OJ2TTJW3sgdwSfrQ4DjCzJyEv0foC2A/copy?usp=sharing""}"
EM9_INT,em9int_m3_d5_performance_task_06,em9int_m3,5,performance_task,M.C. Escher (optional),em9int_m3_s5,"{""task_paper"": ""https://drive.google.com/file/d/1cMZrqGUE2fcGpLH3ZyAFlVUWb5FYVi-g/view?usp=sharing"", ""full_lesson_slides"": ""https://docs.google.com/presentation/d/1VzD4Oa5kEs41UJXhTxGkubcca9kux5CJ27DznCK2E-U/copy?usp=sharing"", ""full_lesson_pdf"": ""https://drive.google.com/file/d/134YcSPXFcNdmmLbdEyyEltOj0dqmv59L/view?usp=sharing"", ""student_paced"": ""https://docs.google.com/presentation/d/192cdQvbVVAfX6OmsMa7JnbOlvUlI4D0F0hPrWPpXXFM/copy?usp=sharing""}"
EM9_INT,em9int_m3_d6_fal_lesson_07,em9int_m3,6,fal_lesson,FAL Transforming 2D Figures (Day 1),em9int_m3_s3,"{""task_paper"": ""https://drive.google.com/file/d/15KtD26wEwDnArv-DAZZeSlBeMKOJDcn9/view?usp=sharing"", ""read_me"": ""https://docs.google.com/document/d/16FazudF7rEfZRo5N0FUl2urKCm6bK7riFfI5jn23i-M/copy?usp=sharing""}"
EM9_INT,em9int_m3_d7_fal_lesson_08,em9int_m3,7,fal_lesson,FAL Transforming 2D Figures (Day 2),em9int_m3_s3,"{""task_paper"": ""https://drive.google.com/file/d/15KtD26wEwDnArv-DAZZeSlBeMKOJDcn9/view?usp=sharing"", ""read_me"": ""https://docs.google.com/document/d/16FazudF7rEfZRo5N0FUl2urKCm6bK7riFfI5jn23i-M/copy?usp=sharing""}"
EM9_INT,em9int_m3_d8_fal_post_assessment_09,em9int_m3,8,fal_post_assessment,FAL Transforming 2D Figures (Day 3 / Post Assessment),em9int_m3_s3,"{""task_paper"": ""https://drive.google.com/file/d/15KtD26wEwDnArv-DAZZeSlBeMKOJDcn9/view?usp=sharing"", ""read_me"": ""https://docs.google.com/document/d/16FazudF7rEfZRo5N0FUl2urKCm6bK7riFfI5jn23i-M/copy?usp=sharing""}"
EM9_INT,em9int_m3_d9_performance_task_10,em9int_m3,9,performance_task,Rigid Motion,em9int_m3_s4,"{""task_paper"": ""https://drive.google.com/file/d/1YOGaR5CgYEc9Ej9JU3AiwE16LMyqYRTG/view?usp=sharing"", ""full_lesson_slides"": ""https://docs.google.com/presentation/d/1fJLn7f0DWkn21pvCaanMCrwsSRmwgWhLrrywF3UalRQ/copy?usp=sharing"", ""full_lesson_pdf"": ""https://drive.google.com/file/d/1YOGaR5CgYEc9Ej9JU3AiwE16LMyqYRTG/view?usp=sharing"", ""student_paced"": ""https://docs.google.com/presentation/d/1T94dCxvPwrp8WQ6305OvH85mgC-Z6jas_L5zLcflj0I/copy?usp=sharing""}"
EM9_INT,em9int_m3_d9_performance_task_11,em9int_m3,9,performance_task,Transforming Triangles,em9int_m3_s4,"{""task_paper"": ""https://drive.google.com/file/d/1SToWHTa1RoojYDykqBubggF6_1KVQY7Q/view?usp=sharing"", ""full_lesson_slides"": ""https://docs.google.com/presentation/d/18xqcFMXz8FAc2AKlHbFZgd-2ANgv23AAMWySVZc_SrY/copy?usp=sharing"", ""full_lesson_pdf"": ""https://drive.google.com/file/d/1SONztj6k3v_Wtmbh5xIS146V-VUBPbKp/view?usp=sharing"", ""student_paced"": ""https://docs.google.com/presentation/d/19748WIkh8Qv_NfCc4LGSj4enc6U-zaIVxp4A_kx_s4A/copy?usp=sharing""}"
EM9_INT,em9int_m3_d10_performance_task_12,em9int_m3,10,performance_task,Reflect & Rotate (optional),em9int_m3_s5,"{""task_paper"": ""https://drive.google.com/file/d/1VrDYXloM_ryQXsKZ2Lv9Rfhzq52b0XLM/view?usp=sharing"", ""full_lesson_slides"": ""https://docs.google.com/presentation/d/18ES6PzKllfPl0oMw23qT3Sp01qrF1OUq2ybLNxGE8mw/copy?usp=sharing"", ""full_lesson_pdf"": ""https://drive.google.com/file/d/15p_JJf35jLPRnN3TgTXODN_v88avFGaH/view?usp=sharing"", ""student_paced"": ""https://docs.google.com/presentation/d/1lMAj_xtKmFevD4IFiuhcqubGowPx9mxdrw0qBzjDSMk/copy?usp=sharing""}"
EM9_INT,em9int_m3_d10_game_13,em9int_m3,10,game,Kahoot 1 — Transformations (optional),em9int_m3_s2,"{""kahoot"": ""https://create.kahoot.it/share/transformations/dabe7f53-3c4d-4a07-b6a4-b1ad079b5c7e""}"
EM9_INT,em9int_m3_d10_game_14,em9int_m3,10,game,Kahoot 2 (optional),em9int_m3_s2,"{""kahoot"": ""https://create.kahoot.it/share/transformations/7a7b1b68-79c6-4b40-8d39-4050629da8c0""}"
EM9_INT,em9int_m3_d10_post_assessment_15,em9int_m3,10,post_assessment,Grade 9 post-assessment,,"{""faculty_portal"": ""http://svef.force.com/faculty""}"
EM9_INT,em9int_m4_d1_fal_lesson_00,em9int_m4,1,fal_lesson,Launch — Solving Linear Equations (1 of 3),em9int_m4_s1,"{""task_paper"": ""https://drive.google.com/file/d/1Uk6aDaXSffnDRnchYFc663jZexBNwO4B/view?usp=sharing"", ""read_me"": ""https://docs.google.com/document/d/1oGPg3G2O94DrJJ8Layhl7k5f_wWXcTwRnX1W47QIIsY/copy?usp=sharing""}"
EM9_INT,em9int_m4_d3_fal_pre_assessment_01,em9int_m4,3,fal_pre_assessment,Pre-Assessment Core FAL — Classifying Solutions to Systems of Equations,em9int_m4_s2,"{""task_paper"": ""https://drive.google.com/file/d/1biD8br1FR5ril14Ow7xtLaMsJqnexyWc/view?usp=sharing"", ""pre_assess_slides"": ""https://docs.google.com/presentation/d/1qxZNxiwUFRLxdBJytiDcXb7i68m6NyqyV9GP-RdLkfs/copy?usp=sharing""}"
EM9_INT,em9int_m4_d3_fal_lesson_02,em9int_m4,3,fal_lesson,Launch — Solving Linear Equations (2 of 3),em9int_m4_s1,"{""task_paper"": ""https://drive.google.com/file/d/1Uk6aDaXSffnDRnchYFc663jZexBNwO4B/view?usp=sharing"", ""read_me"": ""https://docs.google.com/document/d/1oGPg3G2O94DrJJ8Layhl7k5f_wWXcTwRnX1W47QIIsY/copy?usp=sharing""}"
EM9_INT,em9int_m4_d4_fal_lesson_03,em9int_m4,4,fal_lesson,Launch — Solving Linear Equations (3 of 3),em9int_m4_s1,"{""task_paper"": ""https://drive.google.com/file/d/1Uk6aDaXSffnDRnchYFc663jZexBNwO4B/view?usp=sharing"", ""read_me"": ""https://docs.google.com/document/d/1oGPg3G2O94DrJJ8Layhl7k5f_wWXcTwRnX1W47QIIsY/copy?usp=sharing""}"
EM9_INT,em9int_m4_d5_performance_task_04,em9int_m4,5,performance_task,Words & Equations,em9int_m4_s3,"{""task_paper"": ""https://drive.google.com/file/d/1qe-FZMBPkcdq6NphgNKeOdFAxGoghG8d/view?usp=sharing"", ""full_lesson_slides"": ""https://docs.google.com/presentation/d/1T7Xlq0u2hFawMJDlmTfrkQ2pIMv8UN4s7Jmf_oBbhcQ/copy?usp=sharing"", ""full_lesson_pdf"": ""https://drive.google.com/file/d/1QWPVorcpujNMsdBOhWWdoiE0Z361NFeC/view?usp=sharing""}"
EM9_INT,em9int_m4_d5_fal_lesson_05,em9int_m4,5,fal_lesson,Launch — Solving Linear Equations (buffer/if needed),em9int_m4_s1,"{""task_paper"": ""https://drive.google.com/file/d/1Uk6aDaXSffnDRnchYFc663jZexBNwO4B/view?usp=sharing"", ""read_me"": ""https://docs.google.com/document/d/1oGPg3G2O94DrJJ8Layhl7k5f_wWXcTwRnX1W47QIIsY/copy?usp=sharing""}"
EM9_INT,em9int_m4_d6_fal_lesson_06,em9int_m4,6,fal_lesson,Core FAL — Classifying Solutions to Systems of Equations (Day 1),em9int_m4_s2,"{""task_paper"": ""https://drive.google.com/file/d/1biD8br1FR5ril14Ow7xtLaMsJqnexyWc/view?usp=sharing"", ""read_me"": ""https://docs.google.com/document/d/1wjxiiT0g59hwFPVLivVYkViXYN_ptxB8pRMv1af7BUc/copy?usp=sharing""}"
EM9_INT,em9int_m4_d7_fal_lesson_07,em9int_m4,7,fal_lesson,Core FAL — Classifying Solutions to Systems of Equations (Day 2),em9int_m4_s2,"{""task_paper"": ""https://drive.google.com/file/d/1biD8br1FR5ril14Ow7xtLaMsJqnexyWc/view?usp=sharing"", ""read_me"": ""https://docs.google.com/document/d/1wjxiiT0g59hwFPVLivVYkViXYN_ptxB8pRMv1af7BUc/copy?usp=sharing""}"
EM9_INT,em9int_m4_d8_fal_lesson_08,em9int_m4,8,fal_lesson,Core FAL — Classifying Solutions to Systems of Equations (Day 3),em9int_m4_s2,"{""task_paper"": ""https://drive.google.com/file/d/1biD8br1FR5ril14Ow7xtLaMsJqnexyWc/view?usp=sharing"", ""read_me"": ""https://docs.google.com/document/d/1wjxiiT0g59hwFPVLivVYkViXYN_ptxB8pRMv1af7BUc/copy?usp=sharing""}"
EM9_INT,em9int_m4_d9_performance_task_09,em9int_m4,9,performance_task,The Trip,em9int_m4_s4,"{""task_paper"": ""https://drive.google.com/file/d/16iiJfUqzeWLRMYFp44H9CUKd_U8EhUPC/view?usp=sharing"", ""full_lesson_slides"": ""https://docs.google.com/presentation/d/1DBOzLO13HXCDno0Wjqy2f_fR23sAOvgw18m1O7TDvrg/copy?usp=sharing"", ""full_lesson_pdf"": ""https://drive.google.com/file/d/1AwhXhAd1aAPF9ZpZdmXh_WEtkLJFNZFc/view?usp=sharing"", ""self_paced"": ""https://docs.google.com/presentation/d/1K3SWTDez5lHn78b544z3vZdFQtcNtmUtB67pa0SSGjc/copy?usp=sharing""}"
EM9_INT,em9int_m4_d10_performance_task_10,em9int_m4,10,performance_task,Buying Chips and Candy,em9int_m4_s4,"{""task_paper"": ""https://drive.google.com/file/d/1_QkeducYJDfQ1nDSh8SgDF9Sa0LqKvUX/view?usp=sharing"", ""full_lesson_slides"": ""https://docs.google.com/presentation/d/1pJDpifKS3Lv6LI9q2bDlPP1gI3e0SynT1r6j2HXfbI4/copy?usp=sharing"", ""full_lesson_pdf"": ""https://drive.google.com/file/d/1BC6rp-DyP00VZSKGSEGFSVipL0mUqvKP/view?usp=sharing""}"
EM9_INT,em9int_m4_d10_post_assessment_11,em9int_m4,10,post_assessment,Grade 9 post-assessment,,"{""faculty_portal"": ""http://svef.force.com/faculty""}"
